path	size	mtime
assets/channels/amen-movies.png	34683	2026-10-02T16:30:40Z
assets/channels/asiko-plus.png	18806	2026-10-02T16:30:40Z
assets/channels/bounce.png	53005	2026-10-02T16:30:40Z
assets/channels/cks-tv.png	47364	2026-10-02T16:30:40Z
assets/channels/csuite-cafe-tv.png	36437	2026-10-02T16:30:40Z
assets/channels/estates-tv.png	24734	2026-10-02T16:30:40Z
assets/channels/foodies-and-spices.png	32144	2026-10-02T16:30:40Z
assets/channels/hooked.png	37845	2026-10-02T16:30:40Z
assets/channels/ln247.png	8298	2026-10-02T16:30:40Z
assets/channels/movie-africa-epic.png	21182	2026-10-02T16:30:40Z
assets/channels/movie-africa-halisa.png	18817	2026-10-02T16:30:40Z
assets/channels/movie-africa-igbo.png	18449	2026-10-02T16:30:40Z
assets/channels/movie-africa-yoruba.png	22263	2026-10-02T16:30:40Z
assets/channels/movie-africa.png	51293	2026-10-02T16:30:40Z
assets/channels/ppg.png	30676	2026-10-02T16:30:40Z
assets/channels/sisi.png	24928	2026-10-02T16:30:40Z
assets/channels/sportsville-tv.png	146962	2026-10-02T16:30:40Z
assets/channels/tattase.png	30253	2026-10-02T16:30:40Z
assets/channels/teen-africa.png	67670	2026-10-02T16:30:40Z
assets/channels/travel-nigeria.png	38644	2026-10-02T16:30:40Z
assets/channels/wctv.png	26703	2026-10-02T16:30:40Z
assets/channels/webtv-nigeria.png	6814	2026-10-02T16:30:40Z
assets/asiko-icon.png	2987	2026-10-02T16:30:39Z
.htaccess	1307	2026-10-02T16:30:38Z
.user.ini	380	2026-09-07T12:40:58Z
index.html	51134	2026-10-02T16:30:38Z
index.php	22	2026-09-07T12:42:27Z
index.php.bak	22	2026-09-07T12:59:26Z
php.ini	374	2026-09-07T12:40:58Z
